{"discriminator_loss": [1.194058895111084, 1.7039036750793457, 1.3157249689102173, 1.2035162448883057, 1.217597246170044, 1.0781149864196777, 0.9528807997703552, 0.9033931493759155, 0.8831702470779419, 0.7087678909301758, 0.9224581122398376, 1.0219683647155762, 1.0069862604141235, 1.065733551979065, 1.1823426485061646, 1.1729180812835693, 1.1474043130874634, 1.167566180229187, 1.1411961317062378, 1.146461009979248, 1.2189843654632568, 1.251755952835083, 1.1689811944961548, 1.1626684665679932, 1.1367336511611938, 1.265865445137024, 1.2553389072418213, 1.2425532341003418, 1.2971360683441162, 1.2552545070648193, 1.2492417097091675, 1.2371854782104492, 1.2505815029144287, 1.2202590703964233, 1.1638370752334595, 1.1342535018920898, 1.1306504011154175, 1.1604434251785278, 1.153515100479126, 1.174239993095398, 1.1948270797729492, 1.1864402294158936, 1.2070343494415283, 1.2305808067321777, 1.1958454847335815, 1.2312889099121094, 1.2508989572525024, 1.2512142658233643, 1.2349472045898438, 1.2333430051803589, 1.2211743593215942, 1.2610570192337036, 1.234702229499817, 1.2480517625808716, 1.2597559690475464, 1.2149672508239746, 1.2127891778945923, 1.213000774383545, 1.2072073221206665, 1.1865146160125732, 1.2033030986785889, 1.2074497938156128, 1.1876140832901, 1.1975218057632446, 1.2003601789474487, 1.199806809425354, 1.1869266033172607, 1.1777862310409546, 1.1974395513534546, 1.2036757469177246, 1.1867424249649048, 1.1990422010421753, 1.191382884979248, 1.2091217041015625, 1.1939284801483154, 1.171344518661499, 1.1752768754959106, 1.164206624031067, 1.1780327558517456, 1.1622858047485352, 1.1599928140640259, 1.1616053581237793, 1.1507999897003174, 1.1626441478729248, 1.1536251306533813, 1.153297781944275, 1.1526459455490112, 1.1553285121917725, 1.1557012796401978, 1.150317668914795, 1.161642074584961, 1.1544049978256226, 1.152305245399475, 1.1498360633850098, 1.151115894317627, 1.1486461162567139, 1.1522728204727173, 1.144953727722168, 1.1528286933898926, 1.1440945863723755], "discriminator_accuracy": [0.7239972949028015, 0.46789151430130005, 0.47455066442489624, 0.47179970145225525, 0.47928303480148315, 0.4792162775993347, 0.48007893562316895, 0.4836081266403198, 0.47857779264450073, 0.478080689907074, 0.477420449256897, 0.4814210534095764, 0.48472097516059875, 0.4880780577659607, 0.48338204622268677, 0.4858930706977844, 0.48750337958335876, 0.486870676279068, 0.4874294102191925, 0.4849923551082611, 0.4887646436691284, 0.48595091700553894, 0.4877617061138153, 0.4868970215320587, 0.4918624460697174, 0.48874321579933167, 0.48944544792175293, 0.488089919090271, 0.48907023668289185, 0.4912700653076172, 0.4906323552131653, 0.4918585419654846, 0.48975321650505066, 0.48910561203956604, 0.48919686675071716, 0.48623502254486084, 0.48676836490631104, 0.4933018088340759, 0.4898875951766968, 0.4888787269592285, 0.4901116192340851, 0.49294888973236084, 0.49136728048324585, 0.4889375865459442, 0.4945709705352783, 0.4912227988243103, 0.4927298128604889, 0.49269863963127136, 0.49215617775917053, 0.49566054344177246, 0.49173182249069214, 0.4933655560016632, 0.49502408504486084, 0.49356991052627563, 0.49293920397758484, 0.492598295211792, 0.4943362772464752, 0.494300901889801, 0.4942624568939209, 0.4956046938896179, 0.495354026556015, 0.49403974413871765, 0.49396565556526184, 0.49584123492240906, 0.4921257495880127, 0.49431946873664856, 0.49377909302711487, 0.49407580494880676, 0.49541106820106506, 0.49462980031967163, 0.4944276213645935, 0.49404630064964294, 0.4952901601791382, 0.4979536533355713, 0.49508771300315857, 0.492918461561203, 0.4942930340766907, 0.49731793999671936, 0.4940415024757385, 0.49599072337150574, 0.4969742000102997, 0.49618634581565857, 0.493603378534317, 0.49612024426460266, 0.4944670498371124, 0.49443352222442627, 0.4958580732345581, 0.49489426612854004, 0.49610966444015503, 0.49765482544898987, 0.4942772388458252, 0.49515262246131897, 0.4950367212295532, 0.49708324670791626, 0.4928125739097595, 0.4930953085422516, 0.4968003034591675, 0.4963454008102417, 0.4932171702384949, 0.497100830078125], "generator_loss": [0.8114433884620667, 1.2188359498977661, 1.4934567213058472, 1.6026663780212402, 1.6194097995758057, 1.7370126247406006, 1.9202440977096558, 2.053410291671753, 2.0736424922943115, 2.33595871925354, 2.0011680126190186, 1.8827617168426514, 1.8716132640838623, 1.7997145652770996, 1.6757806539535522, 1.5606945753097534, 1.5742521286010742, 1.5271623134613037, 1.5541908740997314, 1.4947311878204346, 1.399775743484497, 1.402485966682434, 1.4608083963394165, 1.3713443279266357, 1.4010365009307861, 1.2850202322006226, 1.3237770795822144, 1.3334637880325317, 1.202700138092041, 1.2170357704162598, 1.194420576095581, 1.1921124458312988, 1.1734116077423096, 1.183442234992981, 1.241750955581665, 1.2848155498504639, 1.217592477798462, 1.2248449325561523, 1.2603389024734497, 1.2137274742126465, 1.1915990114212036, 1.1934690475463867, 1.219947099685669, 1.1623047590255737, 1.1721628904342651, 1.1286468505859375, 1.1465060710906982, 1.1133251190185547, 1.1162257194519043, 1.106567621231079, 1.1080294847488403, 1.0696942806243896, 1.0915369987487793, 1.0682783126831055, 1.0661097764968872, 1.0947680473327637, 1.092895269393921, 1.090351939201355, 1.083301305770874, 1.1233516931533813, 1.0948604345321655, 1.0776073932647705, 1.0950908660888672, 1.0816289186477661, 1.0819138288497925, 1.0771702527999878, 1.0802549123764038, 1.0865623950958252, 1.0712121725082397, 1.0813535451889038, 1.0719623565673828, 1.0409482717514038, 1.0475597381591797, 1.0370113849639893, 1.0659488439559937, 1.078982949256897, 1.052276849746704, 1.0688694715499878, 1.064755916595459, 1.068271279335022, 1.0629957914352417, 1.063252329826355, 1.090210199356079, 1.0664576292037964, 1.066504955291748, 1.0659263134002686, 1.0631312131881714, 1.0588957071304321, 1.0533474683761597, 1.0606964826583862, 1.0590505599975586, 1.060168743133545, 1.0507652759552002, 1.0658457279205322, 1.0772992372512817, 1.0565216541290283, 1.0558252334594727, 1.053979516029358, 1.052615761756897, 1.0475209951400757], "generator_accuracy": [0.5263671875, 0.32177734375, 0.2484130859375, 0.226806640625, 0.24267578125, 0.2103271484375, 0.1817626953125, 0.172119140625, 0.1630859375, 0.11907958984375, 0.174560546875, 0.203369140625, 0.20703125, 0.2286376953125, 0.252685546875, 0.260009765625, 0.2578125, 0.26611328125, 0.259521484375, 0.26171875, 0.287841796875, 0.2919921875, 0.268798828125, 0.27734375, 0.272705078125, 0.310546875, 0.30419921875, 0.297607421875, 0.32666015625, 0.316650390625, 0.318603515625, 0.31640625, 0.319091796875, 0.309814453125, 0.2890625, 0.272705078125, 0.279052734375, 0.293212890625, 0.28466796875, 0.29296875, 0.3037109375, 0.3037109375, 0.303466796875, 0.315185546875, 0.30908203125, 0.3212890625, 0.32470703125, 0.3291015625, 0.32470703125, 0.327392578125, 0.3193359375, 0.33740234375, 0.328857421875, 0.3349609375, 0.338623046875, 0.319091796875, 0.3203125, 0.3203125, 0.31982421875, 0.309814453125, 0.318115234375, 0.320068359375, 0.311279296875, 0.31787109375, 0.314453125, 0.3173828125, 0.31103515625, 0.307373046875, 0.318115234375, 0.31884765625, 0.312255859375, 0.31787109375, 0.31640625, 0.327880859375, 0.315673828125, 0.30419921875, 0.308349609375, 0.30615234375, 0.309814453125, 0.3037109375, 0.30419921875, 0.303955078125, 0.2958984375, 0.303466796875, 0.298095703125, 0.2978515625, 0.298828125, 0.299560546875, 0.30126953125, 0.300537109375, 0.301513671875, 0.2998046875, 0.2978515625, 0.299560546875, 0.295654296875, 0.295654296875, 0.300048828125, 0.295166015625, 0.29638671875, 0.295654296875],